bundle_path	original_absolute_path	role	bytes	sha256
README.md	N/A (analysis-generated)	analysis-generated bundle guide	18680	4132d29243b0bec99a2580c1631a5e354fd2a5f0c3a833a9425c29b6c4ae1b19
dataset_contract/decision_schema.json	/home/roma/Downloads/SOOMAC_DECISION_LOCAL_INT4/dataset/soomac_decision_adapter_v2_2_5_semantic_rebalance/contract/decision_schema.json	actual v2.2.5 dataset/contract used by trainer	5518	b2dcf9dbdb201b76408fd87d48b86b690a1db8662243d34ab48613ea70f2b4c5
dataset_contract/decision_system.txt	/home/roma/Downloads/SOOMAC_DECISION_LOCAL_INT4/dataset/soomac_decision_adapter_v2_2_5_semantic_rebalance/contract/decision_system.txt	actual v2.2.5 dataset/contract used by trainer	5882	1b52796bc29251e04330d352ccf1d614eea34ed574c340dab58d376f08e967ee
dataset_contract/decision_train.jsonl	/home/roma/Downloads/SOOMAC_DECISION_LOCAL_INT4/dataset/soomac_decision_adapter_v2_2_5_semantic_rebalance/records/decision_train.jsonl	actual v2.2.5 dataset/contract used by trainer	1657407	eb85e60680d3218089e5a105a2e0b1716d06e9a7665c764590af91ade60ae7b8
dataset_contract/decision_validation.jsonl	/home/roma/Downloads/SOOMAC_DECISION_LOCAL_INT4/dataset/soomac_decision_adapter_v2_2_5_semantic_rebalance/records/decision_validation.jsonl	actual v2.2.5 dataset/contract used by trainer	115769	f21dace28d67cf213cf6d7fef95a3998716da5c69639ea1d8b3616fb9dc6980c
dataset_contract/family_distribution_and_audit_summary.json	N/A (analysis-generated)	analysis-generated exhaustive train/validation family and structural audit	24691	7fe7837fae176363f1ba968a52ccdf9c3332085553760cbc754378bd2da4d86a
dataset_contract/manifest.json	/home/roma/Downloads/SOOMAC_DECISION_LOCAL_INT4/dataset/soomac_decision_adapter_v2_2_5_semantic_rebalance/manifest.json	actual v2.2.5 dataset/contract used by trainer	9777	54afc95406929160a17804197933de394cf104181c8fe3fb7d557cf6b6f87771
evaluation_code/eval_decision_adapter.py	/home/roma/Downloads/SOOMAC_DECISION_LOCAL_INT4/dataset/soomac_decision_adapter_v2_2_5_semantic_rebalance/scripts/eval_decision_adapter.py	actual evaluation source	4222	f2eca23db992c117fd16ff83f129ac7ce877fd2d14b2e0d484b4bc5be81f79be
evaluation_code/eval_semantic_metrics.py	/home/roma/Downloads/SOOMAC_DECISION_LOCAL_INT4/dataset/soomac_decision_adapter_v2_2_5_semantic_rebalance/scripts/eval_semantic_metrics.py	actual semantic metric source	3803	99f8e8de7c89d952ff7c3617aa1ad21c993e6a1db26bdd01c2bf69a658b52e55
evaluation_data/challenge.jsonl	/home/roma/Downloads/SOOMAC_DECISION_LOCAL_INT4/dataset/soomac_decision_adapter_v2_2_5_semantic_rebalance/sft/decision_challenge_sft.jsonl	actual evaluation input	444057	3e821f0e0f233af169f869675c470ba8490b4ccb0d6c54619fd690624210dfc0
evaluation_data/hard_v221.jsonl	/home/roma/Downloads/SOOMAC_DECISION_LOCAL_INT4/dataset/soomac_decision_adapter_v2_2_5_semantic_rebalance/hard_eval_v221/hard_eval_v221_sft.jsonl	actual evaluation input	111899	5b91124ad70f3d0817b7cd19871f4e4d16b39661283457ca3ab4e8aa713ea13c
evaluation_data/hard_v222.jsonl	/home/roma/Downloads/SOOMAC_DECISION_LOCAL_INT4/dataset/soomac_decision_adapter_v2_2_5_semantic_rebalance/hard_eval_v222/hard_eval_v222_sft.jsonl	actual evaluation input	168203	da86debcf689559c10def65efa72debb3788d77f30fc3af68f13a84edfef014c
evaluation_data/hard_v223.jsonl	/home/roma/Downloads/SOOMAC_DECISION_LOCAL_INT4/dataset/soomac_decision_adapter_v2_2_5_semantic_rebalance/hard_eval_v223/hard_eval_v223_sft.jsonl	actual evaluation input	335594	4fd07df2930675abed5de7be5142c164f42d490e218fb83bcbdd46663d1524d2
evaluation_data/hard_v224.jsonl	/home/roma/Downloads/SOOMAC_DECISION_LOCAL_INT4/dataset/soomac_decision_adapter_v2_2_5_semantic_rebalance/hard_eval_v224/hard_eval_v224_sft.jsonl	actual evaluation input	251602	4cee9e0e960e42a7f80761ff1f0fab54fdb7719f0fe6d87ed05d24d94c7c5fed
evaluation_data/hard_v225.jsonl	/home/roma/Downloads/SOOMAC_DECISION_LOCAL_INT4/dataset/soomac_decision_adapter_v2_2_5_semantic_rebalance/hard_eval_v225/hard_eval_v225_sft.jsonl	actual evaluation input	662906	2f007876393b3540a69234530fe73e55c96c95f66026ad63255f9a06132e6c29
evaluation_data/latest_contract.jsonl	/home/roma/Downloads/SOOMAC_DECISION_LOCAL_INT4/dataset/soomac_decision_adapter_v2_2_5_semantic_rebalance/latest_contract_eval/latest_contract_eval_sft.jsonl	actual evaluation input	331421	48f1a4b61ad39a1d6d7d8f3105e6697f95efd50c689052a15c9cabfb88ddc7bb
evaluation_data/runtime_holdout.jsonl	/home/roma/Downloads/SOOMAC_DECISION_LOCAL_INT4/dataset/soomac_decision_adapter_v2_2_5_semantic_rebalance/runtime_holdout/real_surface_current_schema_sft.jsonl	actual evaluation input	308873	2dfbed4fdb2dd781587262361c7ace357cc74110addaae15818ee39a7910dc0f
operational_code/__init__.py	/home/roma/IRC_SOOMAC3.0/src/soomac_irc/soomac_irc/__init__.py	current IRC_SOOMAC3.0 operational source	0	e3b0c44298fc1c149afbf4c8996fb92427ae41e4649b934ca495991b7852b855
operational_code/agent_contract.py	/home/roma/IRC_SOOMAC3.0/src/soomac_irc/soomac_irc/agent_contract.py	current IRC_SOOMAC3.0 operational source	10752	ec05faf275b287eff869df25376d6e0ffb909057d08835de7fd13e3d90d85cc1
operational_code/agent_prompts.py	/home/roma/IRC_SOOMAC3.0/src/soomac_irc/soomac_irc/agent_prompts.py	current IRC_SOOMAC3.0 operational source	10510	9ac3f53b07daf3e64570cc0d3f2a8a9d62f412417917867b462bee13e6c0f741
operational_code/decision_model.py	/home/roma/IRC_SOOMAC3.0/src/soomac_irc/soomac_irc/decision_model.py	current IRC_SOOMAC3.0 operational source	7754	00464fca482bfa1e035a4a29df8b77825188c9509489617482447ec61341fcb9
operational_code/decision_overrides.py	/home/roma/IRC_SOOMAC3.0/src/soomac_irc/soomac_irc/decision_overrides.py	current IRC_SOOMAC3.0 operational source	1809	25b56ed633fda81147fc3b402fe40f80926d09e5c4703c6eb66c67e609b30780
operational_code/domain.py	/home/roma/IRC_SOOMAC3.0/src/soomac_irc/soomac_irc/domain.py	current IRC_SOOMAC3.0 operational source	878	3c14375630a6599eb02542ebe55a4f9f8c8f467411113bf4e6fad8d1d3816868
operational_code/llm_langgraph.py	/home/roma/IRC_SOOMAC3.0/src/soomac_irc/soomac_irc/llm_langgraph.py	current IRC_SOOMAC3.0 operational source	26596	4f65183ed4e886caa475872b23294682ea9aba22529d3c03e5e6515d3d1508fa
operational_code/llm_langgraph_node.py	/home/roma/IRC_SOOMAC3.0/src/soomac_irc/soomac_irc/llm_langgraph_node.py	current IRC_SOOMAC3.0 operational source	53729	0d80c5c3c306fd642a908d573a7f2902e57c5a2df9f44f96c2839ab03a7b13af
operational_code/llm_policy.py	/home/roma/IRC_SOOMAC3.0/src/soomac_irc/soomac_irc/llm_policy.py	current IRC_SOOMAC3.0 operational source	32968	18aa0a91a431705eea104979d9f84e7e477e35d8c1cba97ba8afca99d46bd58a
operational_code/model_runtime.py	/home/roma/IRC_SOOMAC3.0/src/soomac_irc/soomac_irc/model_runtime.py	current IRC_SOOMAC3.0 operational source	13363	50e0917ccc8c85acd2779c0f526bea516cb31774c8c1fe6b78313cdf169030fd
results_any_order_false/challenge/generation.log	/home/roma/Downloads/SOOMAC_DECISION_LOCAL_INT4/evaluation/v225_challenge.log	actual any_order=False evaluation log	4922	9a157b3f2347b52b0300f7cb0a3f41b6b20d64f1cf8da5dd656e9a784f5ee7b1
results_any_order_false/challenge/predictions.jsonl	/home/roma/Downloads/SOOMAC_DECISION_LOCAL_INT4/evaluation/v225_challenge_predictions.jsonl	actual any_order=False prediction output	23755	ad2021b20526cb2bcf459de6112565c8a1b0ca0e6c996b7922d3ab71a06257d7
results_any_order_false/challenge/semantic_metrics.log	/home/roma/Downloads/SOOMAC_DECISION_LOCAL_INT4/evaluation/v225_challenge_semantic.log	actual semantic metric log	480	b8654c05b89f09ced79039c0669f743aee112caa0ab3f9fac11e11e4b775adaf
results_any_order_false/challenge/summary.json	N/A (analysis-generated)	analysis-generated summary of actual any_order=False predictions	1341	c6d0278b79f5c5545f15c2ac5a342e51025eb404474cc8473e66c90cad53daf6
results_any_order_false/hard_v221/generation.log	/home/roma/Downloads/SOOMAC_DECISION_LOCAL_INT4/evaluation/v225_hard_v221.log	actual any_order=False evaluation log	3346	67784ca45a992f944a8eb7dc270c34ad9194e9d3858889feb02a3c5f96a6562e
results_any_order_false/hard_v221/predictions.jsonl	/home/roma/Downloads/SOOMAC_DECISION_LOCAL_INT4/evaluation/v225_hard_v221_predictions.jsonl	actual any_order=False prediction output	4439	2c294160614fb95d16f13a01fc5ea0bec8c3378abef0c3a5e617cbbc0fdc0531
results_any_order_false/hard_v221/semantic_metrics.log	/home/roma/Downloads/SOOMAC_DECISION_LOCAL_INT4/evaluation/v225_hard_v221_semantic.log	actual semantic metric log	345	d76d6ec1f67b063d678f4bda8a57b8b061990f8331e4bff681efc9781a7c5b06
results_any_order_false/hard_v221/summary.json	N/A (analysis-generated)	analysis-generated summary of actual any_order=False predictions	467	2723e449db88cdf41fdab97891b41e59e6cd829eb7e96af487e6f5e6e04cead2
results_any_order_false/hard_v222/generation.log	/home/roma/Downloads/SOOMAC_DECISION_LOCAL_INT4/evaluation/v225_hard_v222.log	actual any_order=False evaluation log	3541	cc2cefe0a619f03572851491ad8cdd700cc3cd142b778112412b7ba2c0c1ce66
results_any_order_false/hard_v222/predictions.jsonl	/home/roma/Downloads/SOOMAC_DECISION_LOCAL_INT4/evaluation/v225_hard_v222_predictions.jsonl	actual any_order=False prediction output	5594	698cf6a3e1646983bdb836c8b38e1564217e1575f39b56a17c290db5b9d81fb9
results_any_order_false/hard_v222/semantic_metrics.log	/home/roma/Downloads/SOOMAC_DECISION_LOCAL_INT4/evaluation/v225_hard_v222_semantic.log	actual semantic metric log	372	4f8b73e34c8099902ce92d397c0553c74960f88e408687405558b214cecd7e97
results_any_order_false/hard_v222/summary.json	N/A (analysis-generated)	analysis-generated summary of actual any_order=False predictions	470	5199ecc8090c5d637b2686e6c24b2df4546f82cdca41c22e91cdb97efe89aa57
results_any_order_false/hard_v223/generation.log	/home/roma/Downloads/SOOMAC_DECISION_LOCAL_INT4/evaluation/v225_hard_v223.log	actual any_order=False evaluation log	4565	a250dd01a6616ac213f34c0d7ef8251dc98aec94e6af906b633cf3df411721be
results_any_order_false/hard_v223/predictions.jsonl	/home/roma/Downloads/SOOMAC_DECISION_LOCAL_INT4/evaluation/v225_hard_v223_predictions.jsonl	actual any_order=False prediction output	11007	c90748c15812dcf809dd2d0a61561a8b540a3a73c2a118d7fbac87ff97eeadac
results_any_order_false/hard_v223/semantic_metrics.log	/home/roma/Downloads/SOOMAC_DECISION_LOCAL_INT4/evaluation/v225_hard_v223_semantic.log	actual semantic metric log	384	6fea91451981272ae89e8340ff7fb6da667088f5cb0314ac6b0bd37445ef61d5
results_any_order_false/hard_v223/summary.json	N/A (analysis-generated)	analysis-generated summary of actual any_order=False predictions	543	35193ff75c6ef2f57e60cfe07b61b09f39ed04be1bd5905fc8f17e573d2ad2f3
results_any_order_false/hard_v224/generation.log	/home/roma/Downloads/SOOMAC_DECISION_LOCAL_INT4/evaluation/v225_hard_v224.log	actual any_order=False evaluation log	4414	e0b957815aaf519ec08bc714816c679f34c79996d984326530fe0f6e5cb9bcae
results_any_order_false/hard_v224/predictions.jsonl	/home/roma/Downloads/SOOMAC_DECISION_LOCAL_INT4/evaluation/v225_hard_v224_predictions.jsonl	actual any_order=False prediction output	8239	9a4d38f8fd7b68d45f143beceb307d5cb00e7ddde4f06e913e2324761331b245
results_any_order_false/hard_v224/semantic_metrics.log	/home/roma/Downloads/SOOMAC_DECISION_LOCAL_INT4/evaluation/v225_hard_v224_semantic.log	actual semantic metric log	289	378f1b2a0c71fa5c76393ee3ae695a111d2e460c6b5d91965eaf75a5d4ade06b
results_any_order_false/hard_v224/summary.json	N/A (analysis-generated)	analysis-generated summary of actual any_order=False predictions	498	70395e37f03016d3d097b38c486206507174af8275af4239900aa29a05ebe72d
results_any_order_false/hard_v225/generation.log	/home/roma/Downloads/SOOMAC_DECISION_LOCAL_INT4/evaluation/v225_hard_eval_v225.log	actual any_order=False evaluation log	6612	6af248c4af1ecdfd465d246ed5dc522e82e9b06d30478fc9ac2faec94f3357a4
results_any_order_false/hard_v225/predictions.jsonl	/home/roma/Downloads/SOOMAC_DECISION_LOCAL_INT4/evaluation/v225_hard_eval_v225_predictions.jsonl	actual any_order=False prediction output	27188	c6722572118df8744d009504bbb28fbed32b387d123517b294c6c53e40254ae4
results_any_order_false/hard_v225/summary.json	N/A (analysis-generated)	analysis-generated summary of actual any_order=False predictions	1484	01f92adac74fdf42f13882fcb4fb8ac4a4910d952f1a0f5526d341daec72362b
results_any_order_false/latest_contract/generation.log	/home/roma/Downloads/SOOMAC_DECISION_LOCAL_INT4/evaluation/v225_latest_contract.log	actual any_order=False evaluation log	4804	96ffcc6eb2597c25368585087b0f4fc19ad30e9193e9a177d2902839a0b4ad72
results_any_order_false/latest_contract/predictions.jsonl	/home/roma/Downloads/SOOMAC_DECISION_LOCAL_INT4/evaluation/v225_latest_contract_predictions.jsonl	actual any_order=False prediction output	12947	3ba6d11d5110327fff1092d19e65d454864c84fbb3978f880e977ebd4322a7f2
results_any_order_false/latest_contract/semantic_metrics.log	/home/roma/Downloads/SOOMAC_DECISION_LOCAL_INT4/evaluation/v225_latest_contract_semantic.log	actual semantic metric log	545	aa818de4a6042f9c01780386c433e6cc06d25a9654afedd48d61b8b8076ec5e4
results_any_order_false/latest_contract/summary.json	N/A (analysis-generated)	analysis-generated summary of actual any_order=False predictions	1102	830a611de790a37aca2ffc0199cde862e47a490b904156d35cec7d4668639a9f
results_any_order_false/runtime_holdout/generation.log	/home/roma/Downloads/SOOMAC_DECISION_LOCAL_INT4/evaluation/v225_runtime_holdout.log	actual any_order=False evaluation log	4645	74cf93bdc4cbf31ce2fa012f6ea39d91e70a761916350771c7cef750b2fcc8ef
results_any_order_false/runtime_holdout/predictions.jsonl	/home/roma/Downloads/SOOMAC_DECISION_LOCAL_INT4/evaluation/v225_runtime_holdout_predictions.jsonl	actual any_order=False prediction output	11689	20c6da083f2e35d2bc186ed86d1de371665600b0ea703931e7458c14d138195d
results_any_order_false/runtime_holdout/semantic_metrics.log	/home/roma/Downloads/SOOMAC_DECISION_LOCAL_INT4/evaluation/v225_runtime_holdout_semantic.log	actual semantic metric log	320	52dfa20f0b45f41a0a2db7bfbd0941c05cab5cdc058cafc82b2014c77f6fca65
results_any_order_false/runtime_holdout/summary.json	N/A (analysis-generated)	analysis-generated summary of actual any_order=False predictions	466	8748c82553c09516300702e1c0d676a84353a4aee41b228d37d9d519b33b0b70
temporary_any_order_eval/challenge/predictions.jsonl	/tmp/v225_anyorder_challenge.jsonl	temporary any_order=True prediction output; not operational	24625	35191bafb4b6c9e945a73d290e513fe4a5ce51964d72d9c5fe87cf43cfe5bd15
temporary_any_order_eval/challenge/summary.json	N/A (analysis-generated)	analysis-generated summary of temporary any_order=True predictions	962	7e865d77b8332af2d86ce693d74eea20a14f6ff991e49613414aeeb68c0d224b
temporary_any_order_eval/eval_anyorder_runner.py	/tmp/eval_anyorder_runner.py	temporary in-memory evaluator wrapper; not operational	557	9eb78bf7f4067660f57df4d94ab49116713bd7c5dcac2c02bcc680d28579687a
temporary_any_order_eval/failed_9_cases.jsonl	N/A (analysis-generated)	analysis-generated collection of the nine remaining any_order=True failures	2326	936b28164cdfbd9227fc231b6935f6e5b53517539dcac4adfc822c9d58bac08f
temporary_any_order_eval/hard_v221/predictions.jsonl	/tmp/v225_anyorder_hard_eval_v221_sft.jsonl	temporary any_order=True prediction output; not operational	4557	b39f476ae6b028790929b5ea9fe3873ff529df70b520469d3736f3299022ad9c
temporary_any_order_eval/hard_v221/summary.json	N/A (analysis-generated)	analysis-generated summary of temporary any_order=True predictions	421	6ee8bec6d7c2f9b89061c545ee55231ae50c9e073011446aef701e240ceb27c2
temporary_any_order_eval/hard_v222/predictions.jsonl	/tmp/v225_anyorder_hard_eval_v222_sft.jsonl	temporary any_order=True prediction output; not operational	5594	698cf6a3e1646983bdb836c8b38e1564217e1575f39b56a17c290db5b9d81fb9
temporary_any_order_eval/hard_v222/summary.json	N/A (analysis-generated)	analysis-generated summary of temporary any_order=True predictions	471	935653d4470e82966c9f7d288c7a4c9af387a96fced63bf8bab7b04f47fd77f1
temporary_any_order_eval/hard_v223/predictions.jsonl	/tmp/v225_anyorder_hard_eval_v223_sft.jsonl	temporary any_order=True prediction output; not operational	11068	981b85eb870dd109e169f8da947977df6bf2180dabcf15250724701236aede09
temporary_any_order_eval/hard_v223/summary.json	N/A (analysis-generated)	analysis-generated summary of temporary any_order=True predictions	497	c1fc1e089ec7da10ad92b71632358c96b15b98aa3234e6ed91f812328656320b
temporary_any_order_eval/hard_v224/predictions.jsonl	/tmp/v225_anyorder_hard_eval_v224_sft.jsonl	temporary any_order=True prediction output; not operational	8239	9a4d38f8fd7b68d45f143beceb307d5cb00e7ddde4f06e913e2324761331b245
temporary_any_order_eval/hard_v224/summary.json	N/A (analysis-generated)	analysis-generated summary of temporary any_order=True predictions	499	73b7d9285739520f1a3486020118f670ceaafe5c5c24afd71da8812dbee3b9e0
temporary_any_order_eval/hard_v225/predictions.jsonl	/tmp/v225_anyorder_hard225.jsonl	temporary any_order=True prediction output; not operational	27256	80c8e8c77a4414ef19e77cf20d775effd8fe4cfcfa31c17567850cd99f0e1d31
temporary_any_order_eval/hard_v225/summary.json	N/A (analysis-generated)	analysis-generated summary of temporary any_order=True predictions	1063	2a9b63b781bfee4cad2eb2bde2b4078e61c4780fd95cea3054fbb9b29804c087
temporary_any_order_eval/latest_contract/predictions.jsonl	/tmp/v225_anyorder_latest_contract_eval_sft.jsonl	temporary any_order=True prediction output; not operational	13000	84e8d4a977a2d1eb9de1397b09a9485c619c7f15edd272a23c0013e013de3bc8
temporary_any_order_eval/latest_contract/summary.json	N/A (analysis-generated)	analysis-generated summary of temporary any_order=True predictions	1081	55d21be748631d46d9bc55d2a2687072bb75c54177302d180517e47901b5e61d
temporary_any_order_eval/runtime_holdout/predictions.jsonl	/tmp/v225_anyorder_real_surface_current_schema_sft.jsonl	temporary any_order=True prediction output; not operational	11693	f3aac76a35666cf01e029a0ef3a84017b901f06ae71b5036ba263dba46e02db2
temporary_any_order_eval/runtime_holdout/summary.json	N/A (analysis-generated)	analysis-generated summary of temporary any_order=True predictions	395	f60de8cda0cda630ad438701bacf9d2a334b9551f6a6ab5842e637d008f79238
training/results/adapter_config.json	/home/roma/Downloads/SOOMAC_DECISION_LOCAL_INT4/checkpoints/gemma4_decision_nf4_qlora_v2_2_5_semantic_rebalance/adapter_config.json	actual v2.2.5 training result/config	1130	4f27143eaa595edc441030e81a7fbe5885a249fc145518460f7c7145d42944ac
training/results/all_results.json	/home/roma/Downloads/SOOMAC_DECISION_LOCAL_INT4/checkpoints/gemma4_decision_nf4_qlora_v2_2_5_semantic_rebalance/all_results.json	actual v2.2.5 training result/config	208	3fd7895014299e684d55e625230617e51970ea7f199fc5ca175ca7763f9adc34
training/results/checkpoint-396_trainer_state.json	/home/roma/Downloads/SOOMAC_DECISION_LOCAL_INT4/checkpoints/gemma4_decision_nf4_qlora_v2_2_5_semantic_rebalance/checkpoint-396/trainer_state.json	actual Trainer state; records best checkpoint and eval losses	16463	d7052c822ca4cf061c94e0570a26167aca96853b835aaab18f3cc88fc65dabe7
training/results/run_manifest.json	/home/roma/Downloads/SOOMAC_DECISION_LOCAL_INT4/checkpoints/gemma4_decision_nf4_qlora_v2_2_5_semantic_rebalance/run_manifest.json	actual v2.2.5 training result/config	971	c758c2fc039f955c0d2a733c06e84a4b4542b69660d4c303df0a441b55542580
training/results/train_results.json	/home/roma/Downloads/SOOMAC_DECISION_LOCAL_INT4/checkpoints/gemma4_decision_nf4_qlora_v2_2_5_semantic_rebalance/train_results.json	actual v2.2.5 training result/config	208	3fd7895014299e684d55e625230617e51970ea7f199fc5ca175ca7763f9adc34
training/results/training_complete.json	/home/roma/Downloads/SOOMAC_DECISION_LOCAL_INT4/checkpoints/gemma4_decision_nf4_qlora_v2_2_5_semantic_rebalance/training_complete.json	actual v2.2.5 training result/config	323	5f4dbf014b5acbdc122ed0b4b882c0cf0379719fff1c1e0bcc1b33b9a773e5d4
training/train_in_container.py	/home/roma/Downloads/SOOMAC_DECISION_DOCKER_V2_7_REBUILT/docker_context/train_in_container.py	actual Docker trainer source	23874	7487a7d6935cb9573f2e19e092c64521860b25d66a11279da19ab8b989d3e5a5
xgrammar_verification/compile_json_schema_callsites.txt	N/A (analysis-generated)	analysis-generated callsite index	368	bdbf58641ed26abc1c88af40341bbfa7c7401ef79a63277926ac2b5aa543f7a0
xgrammar_verification/reproduce_any_order.py	N/A (analysis-generated)	analysis-generated minimal XGrammar reproducer	1629	bd82cb3ed50e349838c5b767f97fca1386384f8066d988f6f341ca6a1a47b8f2
xgrammar_verification/xgrammar_version_and_signature.txt	N/A (analysis-generated)	analysis-generated environment verification	365	ed9646f7283261320880a7711fcea0722213b0f07089f6427dc176d29c20c2de
